CountryCode,Year,TreeCoverLoss_ha,GrossEmissions_Co2_all_gases_Mg
AGO,2001,4957.597965,3021078.392
ARG,2001,5979.947498,2253298.046
AUS,2001,0.075922367,28.85011952
BDI,2001,6.222929649,3288.072273
BES,2001,0.146931975,61.25723073
BGD,2001,384.7733492,228372.5064
BHS,2001,0.286787751,45.32246863
BLZ,2001,1271.345645,531553.2377
BOL,2001,36529.52788,20209923.06
BRA,2001,465542.9836,293797838
BRN,2001,256.0865366,214955.567
BTN,2001,69.41099624,48861.44288
CAF,2001,3939.636294,2674136.653
CHN,2001,867.2031347,478050.3284
CIV,2001,14045.21731,6240405.382
CMR,2001,8286.756067,5232922.246
COD,2001,92019.98713,62066542.5
COG,2001,7398.989759,4617149.611
COL,2001,24081.67028,15268146.78
COM,2001,1.355913278,790.2335335
CRI,2001,522.0724354,302298.6462
CUB,2001,475.2467288,120296.6329
CYM,2001,2.24888465,487.9166972
DMA,2001,5.049745703,3032.816095
DOM,2001,235.7770419,102535.9562
ECU,2001,4701.192201,3208347.276
ETH,2001,1399.270594,881875.2644
FJI,2001,12.56193165,7127.775799
GAB,2001,5117.83667,3245368.922
GHA,2001,1699.573264,789769.412
GIN,2001,287.9754279,144321.2661
GLP,2001,3.1064586,1732.488861
GNB,2001,8.526838878,2457.573445
GNQ,2001,603.1841641,385746.6878
GTM,2001,3978.866532,2076278.986
GUF,2001,901.7761195,744125.2896
GUY,2001,1834.786579,1270926.25
HND,2001,4747.463721,2643530.551
HTI,2001,9.890339363,4895.717884
IDN,2001,114393.7886,100294139.9
IND,2001,5541.942059,3349485.279
JAM,2001,89.57468489,50108.77275
KEN,2001,2390.693434,1363429.46
KHM,2001,8908.21939,5251174.416
KNA,2001,1.986411944,973.6086127
LAO,2001,10263.04417,6252922.544
LBR,2001,2080.511226,1026559.112
LCA,2001,1.046322965,648.0633936
LKA,2001,115.7572696,49247.88015
MAF,2001,0.439377478,163.7812133
MDG,2001,21193.19047,11529405.88
MDV,2001,0.076408922,0
MEX,2001,8045.036186,3937462.991
MMR,2001,9308.137831,5453343.183
MOZ,2001,47.94843723,23215.20902
MSR,2001,0.442526703,244.7759918
MTQ,2001,1.564203046,880.3409059
MWI,2001,2.529924123,1350.88846
MYS,2001,24068.03917,18959188.88
NGA,2001,3494.915244,1382251.03
NIC,2001,1853.382172,1071311.511
NPL,2001,59.36401164,40502.4349
PAN,2001,1186.935577,741808.8557
PER,2001,28698.56957,19578040.7
PHL,2001,1655.139876,1171269.433
PLW,2001,7.324428847,5944.514993
PNG,2001,10238.09837,8507078.642
PRI,2001,29.02792696,17057.08752
PRY,2001,13533.82066,5085053.937
RWA,2001,10.68536001,6769.242401
SLB,2001,745.6321284,607603.6634
SLE,2001,266.8073696,130797.8989
SLV,2001,11.15520184,6366.611957
SSD,2001,10.96986719,6526.444069
SUR,2001,1144.897275,931813.2183
SXM,2001,0.073239428,33.84646111
TCA,2001,0.572026591,95.83695339
TGO,2001,2.444378671,759.4192431
THA,2001,2035.386225,1229570.131
TTO,2001,83.47129335,39188.93101
TWN,2001,62.83498421,36446.04451
TZA,2001,1579.148056,934303.735
UGA,2001,3741.819698,1908068.143
USA,2001,33.53702004,16052.97256
VCT,2001,0.074952594,40.91272082
VEN,2001,10437.98149,6070087.192
VGB,2001,0.876992507,362.774046
VIR,2001,0.438710097,208.152714
VNM,2001,12002.35246,6995385.865
VUT,2001,17.42882616,10672.83592
ZAF,2001,54.06534504,25739.85162
ZMB,2001,91.93893608,43479.20811
ZWE,2001,8.993982148,4562.742881
AGO,2002,3499.636273,2046401.834
ARG,2002,9316.61364,3401361.522
AUS,2002,0.607419741,238.370275
BDI,2002,3.918713765,2275.670513
BEN,2002,0.229139851,64.19381161
BGD,2002,619.4067065,378850.5218
BHS,2002,0.213571988,35.24862038
BLZ,2002,5573.869641,2757632.14
BOL,2002,70601.35638,37019809.29
BRA,2002,1621765.135,964450109
BRN,2002,474.5076639,382949.2428
BTN,2002,119.9097674,79334.1661
CAF,2002,7005.039471,4503148.544
CHN,2002,1823.238905,1009992.267
CIV,2002,24185.72166,10404734.28
CMR,2002,10611.60059,6749781.594
COD,2002,168992.517,112337150.5
COG,2002,9973.614969,6355598.578
COL,2002,63301.81044,39581241.57
COM,2002,8.287821179,4810.836699
CRI,2002,751.7816886,423855.5657
CUB,2002,2957.858768,735637.3466
CYM,2002,0.799714542,164.0934009
DMA,2002,2.00395407,1034.553447
DOM,2002,451.2364789,173559.2659
ECU,2002,5692.960591,4160926.605
ETH,2002,1569.223574,944309.1647
FJI,2002,19.39814813,10919.08208
GAB,2002,7001.769824,4380839.463
GHA,2002,4438.274187,1972738.523
GIN,2002,1100.626106,487883.5417
GLP,2002,2.736027748,1576.192884
GNB,2002,137.3191615,36087.52198
GNQ,2002,1137.859424,729724.9938
GTM,2002,16082.24802,7695374.718
GUF,2002,1628.444117,1311160.957
GUY,2002,2824.670504,1963479.832
HND,2002,7343.579581,3995347.663
HTI,2002,17.43798239,8856.684041
IDN,2002,271745.452,244665038.3
IND,2002,11717.80559,6448720.855
JAM,2002,280.4532481,145977.5472
KEN,2002,2973.732505,1677954.237
KHM,2002,18576.43013,10302424.21
KNA,2002,3.015652092,1450.027257
LAO,2002,13700.20876,8054283.262
LBR,2002,7330.378416,3493071.763
LCA,2002,1.569656777,881.3165014
LKA,2002,524.160339,206939.046
MAF,2002,2.929183128,993.5542097
MDG,2002,27039.9755,14630656.86
MEX,2002,14328.51109,6084817.459
MMR,2002,12938.64357,7546736.349
MOZ,2002,143.5607495,61856.33396
MSR,2002,0.73769428,382.6768129
MTQ,2002,2.755443872,1627.209369
MWI,2002,2.343752487,1023.996275
MYS,2002,61819.66651,49020707.88
NGA,2002,6131.773287,2337083.768
NIC,2002,5754.756773,3272008.907
NPL,2002,169.5343258,115574.0764
PAN,2002,1888.88105,1137799.744
PER,2002,46059.43164,30912304.27
PHL,2002,3498.917432,2412763.035
PLW,2002,26.70128954,21948.39239
PNG,2002,23529.78773,19497126
PRI,2002,39.40240781,20783.44079
PRY,2002,50508.57058,17674370.23
RWA,2002,4.534828848,2693.357787
SEN,2002,0.225414616,56.56977087
SGP,2002,0.076916091,37.54891059
SLB,2002,2128.644202,1747798.359
SLE,2002,250.3623649,103442.9679
SLV,2002,52.86365358,30113.67542
SSD,2002,54.32513209,33844.10547
SUR,2002,1931.788541,1547389.005
SXM,2002,0.146474485,36.39964831
TGO,2002,2.444499997,690.1378294
THA,2002,3856.290085,2282937.562
TTO,2002,73.19418375,41261.25604
TWN,2002,120.6524041,69564.3517
TZA,2002,843.4013503,450086.6023
UGA,2002,667.8105353,375020.014
UMI,2002,4.312646207,0
USA,2002,12.7115289,5850.544771
VCT,2002,0.074952594,45.50711723
VEN,2002,11322.79991,6271981.253
VGB,2002,0.950060644,403.6438002
VNM,2002,11029.9711,6330109.027
VUT,2002,18.71587644,10988.22739
ZAF,2002,350.0024631,161856.0894
ZMB,2002,62.401474,30436.32685
ZWE,2002,14.46358336,7470.487947
AGO,2003,2963.523062,1715963.825
ARG,2003,14448.23558,5221023.094
AUS,2003,0.607264592,231.630953
BDI,2003,51.55890953,29639.57818
BES,2003,7.120734361,0
BGD,2003,266.9183376,162118.2752
BHS,2003,0.211689654,13.31965411
BLZ,2003,2997.824421,1417805.71
BOL,2003,77166.55543,40881134.87
BRA,2003,1570575.591,919839231.7
BRN,2003,379.4345488,297943.5228
BTN,2003,84.66540713,53889.55349
CAF,2003,3025.742943,2013264.78
CHN,2003,1590.321108,873899.2289
CIV,2003,16572.56238,6994245.353
CMR,2003,9967.206811,6467740.597
COD,2003,78138.09808,52866416.41
COG,2003,9875.142345,6018907.066
COL,2003,32049.99556,19850131.46
COM,2003,3.314248884,1861.53996
CRI,2003,591.0626345,340575.1433
CUB,2003,201.5848533,50373.15702
DMA,2003,9.724574715,5622.54516
DOM,2003,460.635688,192295.4683
ECU,2003,3378.985129,2453480.58
ETH,2003,2542.491985,1558829.981
FJI,2003,53.21087267,30054.39502
GAB,2003,10674.32098,6714775.942
GHA,2003,1875.104673,828881.9484
GIN,2003,287.4373998,134917.7944
GLP,2003,3.84483877,2043.117586
GNB,2003,14.26996006,4151.48982
GNQ,2003,960.2635304,620071.0115
GTM,2003,24304.71989,10749519.14
GUF,2003,1267.399619,1007975.286
GUY,2003,4216.483439,2840773.759
HND,2003,8855.603422,4846409.092
HTI,2003,14.33538364,6574.594207
IDN,2003,248435.5929,196468859.8
IND,2003,10845.98158,5780676.316
JAM,2003,152.3676023,82678.68474
KEN,2003,1568.125308,959450.6074
KHM,2003,24054.02849,13069606.83
KNA,2003,5.002769323,1962.944627
LAO,2003,20470.79879,12087392.1
LBR,2003,4820.838077,2325075.487
LCA,2003,1.868305291,1120.323601
LKA,2003,991.4236056,372709.7791
MAF,2003,2.416633694,919.9452053
MDG,2003,15319.57963,8427511.431
MDV,2003,0.688866333,29.78688272
MEX,2003,17924.50715,7733451.874
MMR,2003,13768.18041,8324548.877
MOZ,2003,91.65641669,39571.09951
MSR,2003,0.36880607,201.9831624
MTQ,2003,6.702699431,3381.545808
MWI,2003,9.662507816,4731.980365
MYS,2003,60415.79558,51375116.69
NGA,2003,1830.250959,678025.8603
NIC,2003,5123.653703,2905216.778
NPL,2003,284.6296925,193623.0652
PAN,2003,1574.859548,949136.53
PER,2003,43732.98104,29364852.54
PHL,2003,4274.66199,2903759.479
PLW,2003,3.356908157,2575.909715
PNG,2003,15365.85033,12980676.33
PRI,2003,83.34167229,46101.7662
PRY,2003,74443.58742,23964584.68
RWA,2003,28.97537139,17195.92456
SEN,2003,0.225447225,52.27571283
SLB,2003,1276.217859,1037798.103
SLE,2003,176.1908548,81139.71588
SLV,2003,9.583359458,5538.890861
SSD,2003,48.34699545,29032.25978
SUR,2003,2243.051495,1694453.429
SXM,2003,0.146484139,39.63173903
TCA,2003,1.788533469,285.7343931
TGO,2003,1.527748518,457.2439805
THA,2003,4246.349856,2481086.516
TTO,2003,50.11670488,27628.20651
TWN,2003,65.20640406,38291.29335
TZA,2003,726.593395,367144.52
UGA,2003,1521.071507,918633.0458
USA,2003,8.930563973,4000.99371
VCT,2003,0.524646321,231.3554232
VEN,2003,20775.2784,11835404.09
VGB,2003,0.438500356,184.0123432
VIR,2003,0.804348478,368.5649364
VNM,2003,9522.161011,5432312.546
VUT,2003,329.7950175,190632.0231
ZAF,2003,326.881364,170479.9973
ZMB,2003,133.0735566,60680.385
ZWE,2003,8.620148177,4743.599195
AGO,2004,2354.976328,1341360.077
ARG,2004,28083.66112,10173639.43
AUS,2004,0.455535112,159.0551733
BDI,2004,2.765842286,1615.473617
BES,2004,0.07346776,25.39684158
BGD,2004,347.5618805,190477.9957
BHS,2004,4.511566501,981.2345344
BLZ,2004,2102.643886,924440.5967
BOL,2004,96610.91727,50554318.61
BRA,2004,2016477.159,1234223138
BRN,2004,584.7823786,461995.9397
BTN,2004,337.1719236,225440.6375
CAF,2004,4096.378749,2663477.991
CHN,2004,3421.80221,1857085.985
CIV,2004,11228.83703,4850643.571
CMR,2004,9049.345236,5709198.589
COD,2004,123521.1599,82445718.75
COG,2004,4995.598941,3010576.53
COL,2004,81694.74884,50889340.39
COM,2004,4.144770157,2515.986803
CRI,2004,602.671167,357036.4756
CUB,2004,651.6400525,175548.201
CYM,2004,2.108558363,513.4772049
DMA,2004,22.12330751,12851.31947
DOM,2004,1065.76079,459627.8313
ECU,2004,5436.247176,3778515.543
ETH,2004,2729.930304,1510303.864
FJI,2004,231.1456227,129542.3931
GAB,2004,5698.650925,3640259.756
GHA,2004,1582.796552,710597.7504
GIN,2004,552.595774,257325.1107
GLP,2004,8.58169741,4900.168615
GNB,2004,75.94738958,23240.4157
GNQ,2004,210.8255151,131109.6763
GTM,2004,17270.27777,8115682.085
GUF,2004,3268.537432,2601354.05
GUY,2004,2630.277363,1836933.451
HND,2004,7114.626164,3870336.434
HTI,2004,52.92761232,26257.15863
IDN,2004,479153.2768,469104008.6
IND,2004,19166.08648,10436040.73
JAM,2004,979.7668086,501046.0475
KEN,2004,2973.6922,1668480.033
KHM,2004,44062.85745,24870627.92
KNA,2004,4.192778615,2131.690543
LAO,2004,17946.90051,10594217.3
LBR,2004,1782.419963,867652.5921
LCA,2004,6.951812993,3737.163498
LKA,2004,466.7371875,186529.4237
MAF,2004,0.878766461,366.1577056
MDG,2004,20280.68792,11254369.54
MDV,2004,0.688336507,102.0615679
MEX,2004,18119.2792,8042829.452
MMR,2004,23286.00527,13943604.23
MOZ,2004,184.787216,76473.78697
MSR,2004,3.466301944,1953.006832
MTQ,2004,13.40168519,7590.599653
MWI,2004,6.202598599,2859.874335
MYS,2004,113421.7464,96582262.35
NGA,2004,3055.251187,1115836.267
NIC,2004,3182.503925,1802798.516
NPL,2004,174.51839,111842.4762
PAN,2004,2478.124985,1513945.448
PER,2004,62035.26671,41649819.35
PHL,2004,7078.365828,4864096.496
PLW,2004,7.019062289,6028.087186
PNG,2004,25102.87715,20844656.8
PRI,2004,58.93001494,32509.82042
PRY,2004,65084.53106,24088895.86
RWA,2004,6.99410999,4451.032169
SEN,2004,0.075111266,21.64123181
SLB,2004,2200.657925,1822014.499
SLE,2004,234.562535,101785.8705
SLV,2004,77.72682384,45724.86309
SSD,2004,80.87638343,48463.88445
SUR,2004,2814.208734,2171601.052
SXM,2004,0.292947343,88.89453084
TCA,2004,2.287952296,385.1840256
TGO,2004,0.07638703,21.5561808
THA,2004,8034.232678,4688046.006
TTO,2004,152.3071259,83995.35404
TWN,2004,387.5692609,241906.4006
TZA,2004,724.4818356,343614.8087
UGA,2004,1587.098932,963893.2557
USA,2004,31.69462982,13600.86709
VCT,2004,2.098625523,1183.039383
VEN,2004,15923.98275,8755855.904
VGB,2004,0.950051811,379.5671692
VIR,2004,6.581190218,2713.013785
VNM,2004,21113.33596,12358332.62
VUT,2004,110.1935078,62841.2426
ZAF,2004,430.2130753,216413.7981
ZMB,2004,431.9064274,199617.7143
ZWE,2004,20.61857423,11315.26853
AGO,2005,3110.38523,1772015.044
ARG,2005,31423.82097,11399588.8
AUS,2005,0.607464489,216.5193435
BDI,2005,15.44141163,8688.913541
BEN,2005,0.229063193,75.08890426
BGD,2005,306.0067914,177017.5468
BHS,2005,2.832322236,267.4803553
BLZ,2005,3208.314477,1484564.246
BOL,2005,137830.8003,73808842.69
BRA,2005,1824425.467,1166065795
BRN,2005,602.9876472,482266.3677
BTN,2005,315.956894,219414.9639
CAF,2005,5466.014431,3526496.656
CHN,2005,3075.793464,1728350.647
CIV,2005,6007.014657,2421895.939
CMR,2005,11078.70255,7054735.562
COD,2005,149894.2068,100698019.9
COG,2005,8608.226053,5329241.17
COL,2005,58906.21359,37184027.91
COM,2005,6.402521196,3745.609447
CRI,2005,868.4347018,494422.6268
CUB,2005,1023.73536,321690.7142
CYM,2005,2.471580316,857.2511773
DMA,2005,13.28584509,7637.420201
DOM,2005,4977.017619,1930940.042
ECU,2005,6205.423351,4586441.284
ETH,2005,2302.292189,1204884.643
FJI,2005,153.4365527,87863.99968
GAB,2005,10815.80177,6932595.257
GHA,2005,3405.59776,1532829.978
GIN,2005,270.5780753,119248.683
GLP,2005,6.806240693,3844.726025
GNB,2005,76.2634267,19801.66849
GNQ,2005,900.4838564,567951.4158
GTM,2005,33387.58261,14988103.58
GUF,2005,2028.103581,1599813.214
GUY,2005,3578.781431,2519796.098
HND,2005,14157.54386,7875781.658
HTI,2005,36.6076744,16037.98666
IDN,2005,478405.8126,471942849.7
IND,2005,15147.70268,8384550.876
JAM,2005,3164.159573,1685860.767
KEN,2005,1703.29024,974672.4532
KHM,2005,35968.71377,20834789.15
KNA,2005,4.561392075,2289.603487
LAO,2005,21601.35743,12903790.39
LBR,2005,2168.342634,1029702.362
LCA,2005,5.531324158,3359.820938
LKA,2005,546.6412891,225061.6979
MAF,2005,1.098477028,371.8763506
MDG,2005,22511.84569,12352199.25
MDV,2005,0.305949484,0
MEX,2005,23057.64645,10314067.14
MMR,2005,23420.62315,14510207.35
MOZ,2005,278.9954507,126860.4255
MSR,2005,9.515804231,5364.343762
MTQ,2005,7.371113733,4281.755509
MWI,2005,5.791413776,2790.137046
MYS,2005,114495.837,97583837.32
NGA,2005,1922.275349,770526.1742
NIC,2005,11309.70909,6527422.442
NPL,2005,234.5690564,164438.0962
PAN,2005,2336.469635,1450909.662
PER,2005,97398.75877,64337985.08
PHL,2005,6332.623462,4274611.663
PLW,2005,15.64008217,12912.25419
PNG,2005,16365.19274,13563018.79
PRI,2005,54.17298764,29341.90722
PRY,2005,57704.73118,20356692.08
RWA,2005,14.29623145,9352.655463
SEN,2005,0.075116425,12.91013816
SLB,2005,3842.559817,3147224.14
SLE,2005,166.6914194,77589.23128
SLV,2005,31.28639773,17455.37049
SSD,2005,46.26448747,26819.69513
SUR,2005,1808.216292,1385589.18
SXM,2005,0.439419286,154.8005573
TCA,2005,5.077242212,747.2702189
TGO,2005,1.604137988,443.4767702
THA,2005,10678.21795,6287617.636
TTO,2005,94.22882642,52921.54757
TWN,2005,274.2454257,165124.2629
TZA,2005,751.1108966,381253.7045
UGA,2005,2899.400484,1732290.168
UMI,2005,45.75755088,0
USA,2005,10.97109244,5027.873613
VCT,2005,3.071818623,1751.36154
VEN,2005,15565.21658,8444440.751
VGB,2005,1.607877277,667.3742927
VIR,2005,0.365617449,117.0180689
VNM,2005,27778.73598,16602536.25
VUT,2005,52.84166512,31745.07702
ZAF,2005,522.3286888,275321.5663
ZMB,2005,242.9123214,112851.7237
ZWE,2005,27.48407887,14896.20331
ABW,2006,0.075162391,22.19623529
AGO,2006,1400.688881,725597.6228
ARG,2006,24100.81245,8982850.089
BDI,2006,5.762077862,3197.825778
BEN,2006,0.076480404,21.83814522
BES,2006,2.495911979,18.82452016
BGD,2006,677.3153477,403248.9803
BHS,2006,17.14283582,748.1203509
BLZ,2006,1896.834142,887796.7938
BOL,2006,118804.1537,62327654.52
BRA,2006,1415580.298,895130042.6
BRN,2006,442.3509929,368211.1548
BTN,2006,256.3030739,183212.2421
CAF,2006,5684.245533,3797225.448
CHN,2006,4804.340232,2719281.456
CIV,2006,16767.60593,7319610.222
CMR,2006,14845.90192,9304241.578
COD,2006,146457.1037,98410125.88
COG,2006,11788.06633,7445527.867
COL,2006,56050.96674,34468764.2
COM,2006,2.262172379,1466.621407
CRI,2006,712.8356093,417001.4273
CUB,2006,467.4698314,146275.2104
CYM,2006,2.980915703,868.828722
DMA,2006,4.676939558,2762.127741
DOM,2006,535.0648839,227997.3857
ECU,2006,6438.102397,4529532.957
ETH,2006,2562.247338,1480381.37
FJI,2006,168.3176254,95893.69852
GAB,2006,10494.88136,6557325.722
GHA,2006,3653.715514,1597542.859
GIN,2006,235.0868538,115610.7158
GLP,2006,2.957842734,1648.332359
GNB,2006,48.84465674,15006.38852
GNQ,2006,761.3765075,494060.0931
GTM,2006,18336.68055,8826432.819
GUF,2006,1943.565764,1566815.127
GUY,2006,3744.201588,2652332.374
HND,2006,14165.52696,7886701.33
HTI,2006,21.95558692,10756.86334
IDN,2006,468382.0359,412825673.3
IND,2006,15125.48558,8123985.683
JAM,2006,456.8436802,240183.1618
KEN,2006,3339.872263,1875375.966
KHM,2006,43256.09017,26237492.82
KNA,2006,7.799609496,3836.441789
LAO,2006,33977.92894,20157217.17
LBR,2006,6005.177148,2923298.899
LCA,2006,1.868228405,1055.399447
LKA,2006,413.1291587,185045.3626
MAF,2006,0.659068405,238.7263273
MDG,2006,12814.1892,7006221.878
MDV,2006,0.459112582,0
MEX,2006,19397.94228,8406647.431
MMR,2006,23065.6498,13893090.98
MOZ,2006,278.6085436,126346.4239
MSR,2006,3.614165241,1962.897392
MTQ,2006,3.499449193,1989.605563
MWI,2006,16.47069979,8520.875556
MYS,2006,113080.4879,96384187.6
NGA,2006,3457.781049,1342451.953
NIC,2006,8819.84287,5116649.37
NPL,2006,249.6468041,168188.0992
PAN,2006,4570.559684,2802967.317
PER,2006,58812.64877,39179686.48
PHL,2006,7143.548762,4835492.231
PLW,2006,17.01434527,14162.39993
PNG,2006,24784.75429,20710076.94
PRI,2006,81.81190587,45247.33178
PRY,2006,27948.99362,9753946.122
RWA,2006,39.35351762,25013.69629
SEN,2006,0.150367358,55.19693501
SGP,2006,0.230731556,133.2251473
SLB,2006,2495.695986,2040209.28
SLE,2006,786.6599126,372082.4512
SLV,2006,47.8574496,25503.1475
SSD,2006,46.72494901,27692.89846
SUR,2006,1892.557355,1496058.206
SXM,2006,0.073243187,20.84401449
TCA,2006,1.072545161,202.7011801
TGO,2006,0.229169341,65.94766823
THA,2006,9554.232428,5560253.092
TTO,2006,120.9831265,66252.41747
TWN,2006,308.5658284,191438.8147
TZA,2006,738.6781481,350762.123
UGA,2006,2891.146908,1603907.994
USA,2006,20.03894282,8576.567839
VCT,2006,0.074944515,46.81912004
VEN,2006,14243.9077,7986757.451
VGB,2006,1.169384036,469.0989857
VIR,2006,1.608698853,734.6761044
VNM,2006,20138.14192,12507483.02
VUT,2006,68.08932525,38710.22568
ZAF,2006,438.8590684,227821.8887
ZMB,2006,277.0529286,129227.759
ZWE,2006,25.50500985,12590.20446
AGO,2007,8060.488455,4776327.884
ARG,2007,18688.0254,6900818.443
AUS,2007,14.19914698,6284.977629
BDI,2007,13.98292882,7817.408429
BEN,2007,0.076294988,26.39389575
BES,2007,0.220343462,62.66154775
BGD,2007,369.726854,220934.1627
BHS,2007,8.515431406,1425.19729
BLZ,2007,4123.029278,1878834.729
BOL,2007,114376.0098,60484107.39
BRA,2007,1149563.433,709473143.8
BRN,2007,639.473947,548241.7707
BTN,2007,186.0881914,126946.7136
CAF,2007,8400.455844,5365416.927
CHN,2007,7513.896324,4155551.884
CIV,2007,17323.11063,7892506.289
CMR,2007,18347.2487,11729302.9
COD,2007,154990.5537,106846699
COG,2007,13688.8941,8446681.682
COL,2007,95539.174,60496753.71
COM,2007,9.792014348,5684.235389
CRI,2007,845.4449793,496540.7476
CUB,2007,464.6812145,127822.3023
CYM,2007,1.814092702,357.5551716
DMA,2007,7.71936338,4438.246223
DOM,2007,955.965678,398582.941
ECU,2007,6994.813904,5083414.716
ETH,2007,5518.410296,3435631.38
FJI,2007,127.3059207,74399.88026
GAB,2007,10584.42183,6748435.119
GHA,2007,3015.545599,1377462.651
GIN,2007,1035.124663,507533.6666
GLP,2007,4.659584292,2637.974085
GNB,2007,65.21651448,20134.71408
GNQ,2007,1526.782398,992835.939
GTM,2007,46827.40339,22257356.21
GUF,2007,2421.408539,1930992.742
GUY,2007,3346.287302,2357011.094
HND,2007,12660.1349,7011376.665
HTI,2007,38.52364232,19048.95678
IDN,2007,525993.1797,460029463.9
IND,2007,17208.14903,9327527.294
JAM,2007,227.4164375,123394.492
KEN,2007,3439.517216,2011516.525
KHM,2007,35533.31213,21644452.9
KNA,2007,2.79596826,1370.951878
LAO,2007,44921.95482,26424518.37
LBR,2007,7639.828092,3731258.995
LCA,2007,4.558703427,2674.468146
LKA,2007,675.0928182,264969.5874
MAF,2007,1.098461664,355.4950366
MDG,2007,45958.40129,25723322.65
MDV,2007,1.299456807,24.25809218
MEX,2007,28986.7844,13408058.03
MMR,2007,31292.34811,19078679.51
MOZ,2007,180.3598873,82531.69358
MSR,2007,0.1475218,81.49684066
MTQ,2007,9.832688167,4888.873141
MWI,2007,9.758272384,4696.748147
MYS,2007,142068.4256,123325464.9
NGA,2007,2752.751224,1078727.329
NIC,2007,36159.65002,21442001.18
NPL,2007,268.0438375,180201.3149
PAN,2007,3111.34923,1895350.962
PER,2007,77991.86086,52136411.67
PHL,2007,8752.957278,5955621.912
PLW,2007,33.26549572,27713.35885
PNG,2007,25053.19992,20965854.07
PRI,2007,41.75133925,23459.65028
PRY,2007,85752.33167,30218150
RWA,2007,8.762524293,5411.868369
SEN,2007,0.450813581,140.9690287
SGP,2007,0.153821242,72.57053425
SLB,2007,3015.804917,2488242.529
SLE,2007,476.4832728,243850.943
SLV,2007,47.99901107,25140.67388
SSD,2007,102.2866713,59367.2681
SUR,2007,2157.987344,1701044.449
SXM,2007,0.146473671,37.31177232
TCA,2007,16.30603149,2629.739683
TGO,2007,5.347389242,1598.447978
THA,2007,11325.1062,6693164.901
TTO,2007,134.1614461,76070.72841
TWN,2007,192.2304332,121276.4362
TZA,2007,917.2637345,487533.4637
UGA,2007,4043.766267,2519595.271
USA,2007,37.82837679,17254.91159
VCT,2007,1.348707831,695.8527328
VEN,2007,26115.73128,14624639.19
VGB,2007,2.777131634,1174.023892
VIR,2007,1.023697974,394.6561139
VNM,2007,22282.42666,13913635.93
VUT,2007,27.41802948,15705.23733
ZAF,2007,414.6365613,232777.3553
ZMB,2007,538.2014284,252227.431
ZWE,2007,16.3057335,9436.833784
AGO,2008,2699.368854,1565283.351
ARG,2008,47052.40972,17239069.68
AUS,2008,0.303690431,114.8733014
BDI,2008,18.13216315,10558.44788
BGD,2008,240.6481629,134516.7174
BHS,2008,4.100843017,496.5369432
BLZ,2008,3609.264954,1667453.52
BOL,2008,180574.5086,92378199.16
BRA,2008,1075145.504,684622730.7
BRN,2008,760.9255318,682466.4436
BTN,2008,319.1116194,208128.19
CAF,2008,5292.726679,3585672.23
CHN,2008,4076.472446,2288538.193
CIV,2008,12553.22178,5671099.284
CMR,2008,15038.14296,9756043.61
COD,2008,121474.3671,82487360.02
COG,2008,5892.723244,3683869.165
COL,2008,83618.62132,54017220.14
COM,2008,3.464298021,2042.14623
CRI,2008,1311.374579,754328.3687
CUB,2008,1204.74343,473923.7903
CYM,2008,1.306237603,359.4764949
DMA,2008,21.82945624,13071.85352
DOM,2008,1557.82757,669922.5557
ECU,2008,8953.46584,6728347.962
ETH,2008,3590.340126,2156097.695
FJI,2008,121.5840619,69713.44609
GAB,2008,9314.200803,6010967.716
GHA,2008,2669.654046,1183751.432
GIN,2008,540.7072736,258480.4404
GLP,2008,4.883740121,2520.818053
GNB,2008,68.76605022,22414.67525
GNQ,2008,2312.994089,1522353.496
GTM,2008,29727.87271,14505726.38
GUF,2008,3723.947948,2959994.109
GUY,2008,6377.269889,4536480.703
HND,2008,14679.88939,8198156.013
HTI,2008,41.96219328,20175.59605
IDN,2008,469406.6502,409354254
IND,2008,20701.87684,11273512.29
JAM,2008,278.6430018,153897.0872
KEN,2008,1886.881734,1064408.673
KHM,2008,48734.01222,31140983.28
KNA,2008,9.198259011,4685.212156
LAO,2008,24927.01179,14598828.86
LBR,2008,5891.447339,2898540.712
LCA,2008,3.886651002,2348.416285
LKA,2008,498.3822395,206781.6312
MAF,2008,0.146465736,60.36507961
MDG,2008,23593.87747,13325947.24
MDV,2008,1.452822959,24.6930216
MEX,2008,29567.8394,12849737.56
MMR,2008,24123.52699,14575275.81
MOZ,2008,327.1270112,146003.954
MSR,2008,2.581780954,1450.320647
MTQ,2008,18.46501231,10651.89223
MWI,2008,4.485004475,2262.682724
MYS,2008,139245.9731,120033635.5
NGA,2008,4089.521338,1612363.581
NIC,2008,8021.261592,4580104.161
NPL,2008,171.2250861,119082.3577
PAN,2008,6855.081599,4250181.962
PER,2008,88796.62753,62120965.82
PHL,2008,5656.021202,3891465.911
PLW,2008,30.06098386,25939.68035
PNG,2008,33901.37066,28070938.42
PRI,2008,68.06000968,35459.72638
PRY,2008,53656.76573,16755744.87
RWA,2008,26.67006041,17159.5638
SEN,2008,0.976272009,284.0705327
SLB,2008,4826.274672,3943944.477
SLE,2008,462.960082,236512.3224
SLV,2008,30.02278462,16801.46451
SSD,2008,47.34022928,26415.33778
SUR,2008,4430.92955,3538474.23
SXM,2008,0.585916126,187.7627615
TCA,2008,15.44554256,2584.052121
TGO,2008,0.076390762,18.79285606
THA,2008,7816.148137,4514673.394
TTO,2008,139.3101004,81697.68218
TWN,2008,252.5820828,153482.9017
TZA,2008,1056.176256,511195.8826
UGA,2008,4296.788808,2507672.246
USA,2008,32.88491846,15553.37797
VCT,2008,1.049214853,575.8774154
VEN,2008,19858.52026,10850416.09
VGB,2008,2.046276302,865.4422627
VNM,2008,34398.46956,22704475.28
VUT,2008,48.10811198,28839.87682
ZAF,2008,541.4491717,312732.6396
ZMB,2008,305.054915,144182.0063
ZWE,2008,8.167653501,4917.81618
ABW,2009,0.300650894,36.91782941
AGO,2009,5342.827568,3148197.475
ARG,2009,20818.5637,7212372.087
AUS,2009,0.601261119,242.402793
BDI,2009,13.21632097,7538.529514
BEN,2009,0.305521557,87.1308012
BES,2009,0.440448523,0
BGD,2009,557.8428414,312964.1446
BHS,2009,6.791373465,1309.046915
BLZ,2009,4405.139055,1959910.362
BOL,2009,108163.3848,57204936.02
BRA,2009,700169.3147,464902017.6
BRN,2009,1242.370444,1035322.187
BTN,2009,453.5626282,304777.4587
CAF,2009,8869.150539,5671091.145
CHN,2009,7281.374458,4057096.389
CIV,2009,14682.63559,6881635.854
CMR,2009,19722.31663,13428187.31
COD,2009,218277.1835,151281034.5
COG,2009,7705.368721,4787624.307
COL,2009,65824.11616,41623920.63
COM,2009,11.98003795,7104.782659
CRI,2009,1998.434043,1164212.538
CUB,2009,758.8441527,263887.1509
CYM,2009,1.308312998,439.5599248
DMA,2009,16.77821629,9955.13512
DOM,2009,788.9452909,333466.4343
ECU,2009,8111.726803,5817494.393
ETH,2009,3993.014698,2324220.135
FJI,2009,102.044296,58818.27128
GAB,2009,11765.79214,7628236.285
GHA,2009,3538.077274,1617674.276
GIN,2009,378.7687463,212242.7311
GLP,2009,5.549746048,3055.179697
GNB,2009,138.3583696,44202.4891
GNQ,2009,3136.881436,2040246.415
GTM,2009,37529.01704,18262586.78
GUF,2009,2088.602534,1673196.051
GUY,2009,4928.765495,3447971.594
HND,2009,22179.62503,12514744.63
HTI,2009,24.37032884,12430.41557
IDN,2009,683828.2866,606099499.6
IND,2009,17112.14613,9056606.026
JAM,2009,620.0002293,347336.7683
KEN,2009,1596.453956,878522.2376
KHM,2009,65268.33906,40472034.56
KNA,2009,6.180573872,3110.496778
LAO,2009,48414.51046,28611575.69
LBR,2009,13356.14559,6564893.397
LCA,2009,6.951219168,4035.043564
LKA,2009,508.7525146,203639.7198
MAF,2009,0.073240342,33.89771928
MDG,2009,34012.34149,19338429.27
MDV,2009,1.299742585,33.51133287
MEX,2009,46683.93892,20028490.06
MMR,2009,41647.08499,25244953.22
MOZ,2009,443.642308,211685.0408
MSR,2009,2.58153609,1528.776947
MTQ,2009,16.82534932,9572.81489
MWI,2009,12.98676987,6299.389288
MYS,2009,235834.528,213969434.1
NGA,2009,3923.790919,1520840.284
NIC,2009,16023.12668,9259541.424
NPL,2009,476.7522104,275923.6262
PAN,2009,5559.404541,3490813.124
PER,2009,120185.8497,82101575.17
PHL,2009,6946.297948,4762393.406
PLW,2009,13.27572284,11279.20886
PNG,2009,23179.99519,19154508.06
PRI,2009,58.12912626,33252.33511
PRY,2009,49611.5108,14966819.98
RWA,2009,12.91286921,8139.593537
SEN,2009,0.150259228,46.68569818
SLB,2009,3126.331146,2472846.31
SLE,2009,960.9329728,422418.2845
SLV,2009,50.6169707,30247.59274
SSD,2009,23.46256816,11880.60085
SUR,2009,4226.633068,3356467.052
SXM,2009,1.098586432,452.6286223
TCA,2009,50.71993876,8717.764231
TGO,2009,0.76408392,222.9259089
THA,2009,13198.2768,7655993.866
TTO,2009,119.1412844,69533.7909
TWN,2009,3094.547294,1873620.795
TZA,2009,937.5340642,456116.6106
UGA,2009,2385.567989,1351731.886
USA,2009,39.73140209,18751.56011
VCT,2009,2.922106253,1586.823309
VEN,2009,23435.49906,13017852.69
VGB,2009,2.850039339,1275.362811
VIR,2009,1.023698788,484.3940802
VNM,2009,46797.97631,31863505.66
VUT,2009,824.8324665,465727.3202
ZAF,2009,446.5557893,260980.0738
ZMB,2009,1298.690927,605534.8765
ZWE,2009,18.79580551,11171.42733
AGO,2010,5225.620729,3024642.526
ARG,2010,31311.26367,10764627.9
AUS,2010,1.968209819,807.599906
BDI,2010,13.13815539,7693.366447
BEN,2010,0.305730463,93.0666546
BES,2010,0.146818426,0
BGD,2010,235.0726349,124091.4596
BHS,2010,5.357773241,982.9670324
BLZ,2010,4768.539664,2179223.579
BOL,2010,267750.8142,139175794
BRA,2010,1153025.31,728453719.9
BRN,2010,524.4044872,446803.9874
BTN,2010,818.97433,533970.9944
CAF,2010,11148.23455,7545297.123
CHN,2010,5128.026859,2886506.887
CIV,2010,17374.24408,8204198.009
CMR,2010,26814.74995,15693113.86
COD,2010,265180.2033,178770095.8
COG,2010,20597.8897,13229874.47
COL,2010,68738.72867,43660483.61
COM,2010,13.41457058,7752.065965
CRI,2010,1106.521734,645431.3818
CUB,2010,125.9503327,47187.81083
CYM,2010,7.257493389,1939.314626
DMA,2010,21.23425723,12469.53156
DOM,2010,678.2613826,300731.9051
ECU,2010,8490.719114,6190477.968
ETH,2010,3455.00787,2018852.273
FJI,2010,187.0592573,108354.7944
GAB,2010,6237.464681,3989011.839
GHA,2010,1647.702459,748064.7016
GIN,2010,332.7784042,163565.1866
GLP,2010,11.39054532,6488.382628
GNB,2010,138.6652852,44149.76927
GNQ,2010,3211.691077,1969857.789
GTM,2010,22749.93274,11465506.98
GUF,2010,2428.221192,1949995.248
GUY,2010,6655.690789,4647912.994
HND,2010,21407.26293,12102954.43
HTI,2010,12.64323848,6125.476363
IDN,2010,540976.0302,536523969.6
IND,2010,11360.5282,6164344.788
JAM,2010,438.0279765,241773.6103
KEN,2010,6749.350293,3723913.752
KHM,2010,124772.0043,77897322.74
KNA,2010,6.327269167,3267.446349
LAO,2010,49979.70036,29473962.72
LBR,2010,4633.325966,2343861.847
LCA,2010,8.669998761,5294.793459
LKA,2010,354.3575342,135092.3293
MAF,2010,0.366154327,157.9133719
MDG,2010,23817.57595,13436036.11
MDV,2010,0.840920514,60.17369607
MEX,2010,27932.92526,12869719.52
MMR,2010,40067.33537,24467816.17
MOZ,2010,658.3593199,289358.802
MSR,2010,21.24043437,11717.64615
MTQ,2010,6.402938696,3924.260765
MWI,2010,5.283475164,2465.235511
MYS,2010,139646.6633,119186920.4
NGA,2010,6780.938992,2674451.63
NIC,2010,30517.89095,17682252.08
NPL,2010,141.5226174,95867.68492
PAN,2010,2964.876939,1859487.308
PER,2010,100970.2086,69153362.28
PHL,2010,8879.94954,6063933.921
PLW,2010,10.83377588,9025.778092
PNG,2010,32759.56222,27360691.73
PRI,2010,27.78228629,16003.39939
PRY,2010,72835.22798,22639226.94
RWA,2010,24.05777408,15858.35994
SEN,2010,0.07508211,17.1182044
SLB,2010,3224.700076,2617588.592
SLE,2010,300.9328275,142778.5922
SLV,2010,63.65454742,36924.46729
SSD,2010,78.35151636,49458.52346
SUR,2010,4796.667737,3911859.959
SXM,2010,0.073239834,34.52814061
TCA,2010,6.721901172,1143.564412
TGO,2010,0.305554212,81.3292712
THA,2010,12206.42637,7105812.887
TTO,2010,357.6226297,202198.8386
TWN,2010,580.9963777,354350.1261
TZA,2010,1086.416345,570441.595
UGA,2010,4756.931298,2721669.63
USA,2010,29.09822851,13677.79997
VCT,2010,3.7465678,2111.513631
VEN,2010,25809.24787,14855490.07
VGB,2010,1.973273272,974.004478
VIR,2010,0.292473501,150.79761
VNM,2010,64629.17769,42989045.86
VUT,2010,128.9948096,74882.11945
ZAF,2010,272.603406,158028.7845
ZMB,2010,2850.437864,1350727.194
ZWE,2010,3.940846911,2354.723729
AGO,2011,4258.513832,2403184.334
ARG,2011,17365.53972,6106977.007
AUS,2011,0.075929844,40.55902174
BDI,2011,7.067871733,4222.813096
BEN,2011,0.152595415,40.10432469
BES,2011,5.138404811,0
BGD,2011,262.8746706,147709.3375
BHS,2011,2.40838902,439.5729064
BLZ,2011,16277.81669,8019427.596
BOL,2011,162624.5295,85050640.38
BRA,2011,803048.8946,509672795.5
BRN,2011,1661.886484,1389796.259
BTN,2011,379.3295462,232936.0864
CAF,2011,9501.128935,6105745.169
CHN,2011,5029.497198,2853351.157
CIV,2011,29740.36633,13319688.76
CMR,2011,13505.5077,8142508.061
COD,2011,148638.5712,100655827.5
COG,2011,13755.2637,8987958.142
COL,2011,72600.51831,46327593.88
COM,2011,15.59503729,9038.112678
CRI,2011,997.9778702,596287.7394
CUB,2011,310.8503534,77138.38957
CYM,2011,2.90817595,1010.656244
DMA,2011,13.36315224,7842.840163
DOM,2011,581.7748441,256467.1742
ECU,2011,11175.11201,8486275.487
ETH,2011,2652.224707,1628660.508
FJI,2011,54.52955821,32009.7587
GAB,2011,8688.798239,5471034.072
GHA,2011,2771.851621,1227497.326
GIN,2011,399.7320462,215366.152
GLP,2011,3.476532789,2013.313638
GNB,2011,148.7327564,45116.5397
GNQ,2011,3709.541386,2396935.717
GTM,2011,17212.5047,8891406.109
GUF,2011,2153.04102,1742590.667
GUY,2011,5831.291095,4185849.391
HND,2011,20322.91041,11510052.24
HTI,2011,28.4231405,13755.66979
IDN,2011,613905.6819,610962383.3
IND,2011,16286.66704,8800704.28
JAM,2011,321.2369372,176827.8791
KEN,2011,1410.479868,787909.7254
KHM,2011,124148.962,85936336.8
KNA,2011,3.089947233,1560.426896
LAO,2011,43372.78595,25440673.12
LBR,2011,5797.435247,2787944.437
LCA,2011,17.33948467,10512.18357
LKA,2011,491.1550563,189761.2864
MAF,2011,5.638927656,2256.72808
MDG,2011,54155.06855,30305479.19
MDV,2011,3.286527988,100.7177388
MEX,2011,29571.00766,13147279.12
MMR,2011,25247.76801,16043066.53
MOZ,2011,126.4409084,57019.27524
MSR,2011,1.549040463,861.6613541
MTQ,2011,11.24292488,6368.688291
MWI,2011,2.574021534,1203.335289
MYS,2011,161190.5749,142968375.7
NGA,2011,7402.627898,2898317.853
NIC,2011,14501.14059,8521164.469
NPL,2011,104.300178,72904.1764
PAN,2011,4757.308112,2934142.409
PER,2011,88885.92103,60668002.89
PHL,2011,4919.429723,3438533.431
PLW,2011,14.19026721,11970.73163
PNG,2011,26449.83749,22281837.25
PRI,2011,37.80605681,21899.23838
PRY,2011,64118.86125,22484597.26
RWA,2011,7.148593299,4491.374777
SEN,2011,0.901602226,324.7259988
SLB,2011,3094.546815,2506941.446
SLE,2011,601.3597097,272652.4903
SLV,2011,71.30081187,42231.32559
SSD,2011,147.4791725,89586.53617
SUR,2011,4125.440947,3406722.313
SXM,2011,1.171822096,493.0814693
TCA,2011,0.715181116,124.3733121
TGO,2011,0.611121349,162.8672291
THA,2011,8567.149116,5028524.929
TTO,2011,65.67486193,40003.40711
TWN,2011,240.4026614,147611.5296
TZA,2011,802.6883385,392718.5922
UGA,2011,7940.150348,4559773.096
USA,2011,42.65465061,19741.69174
VCT,2011,3.596781196,2005.851711
VEN,2011,15590.43441,8834964.438
VGB,2011,6.2119597,2744.339994
VIR,2011,0.804280254,338.5410027
VNM,2011,45403.09388,33520586.65
VUT,2011,367.086398,205731.0286
ZAF,2011,349.0775858,222525.1609
ZMB,2011,176.6518401,81787.17376
ZWE,2011,3.507849363,1973.013651
AGO,2012,5595.107705,3215967.687
ARG,2012,24809.75958,8242435.943
AUS,2012,1.290690779,574.7744957
BDI,2012,4.763363317,2678.45165
BEN,2012,0.305852066,96.91646665
BES,2012,0.150534491,29.41535521
BGD,2012,326.5608554,197295.1283
BHS,2012,7.599507974,1521.652014
BLZ,2012,6761.22923,3042177.267
BOL,2012,148293.69,76708227.12
BRA,2012,1116088.233,722606208.8
BRN,2012,1118.791589,893697.6842
BTN,2012,314.815292,204187.6865
CAF,2012,10780.01302,6855267.005
CHN,2012,7910.776555,4563877.847
CIV,2012,23086.24145,10734541.35
CMR,2012,25416.83661,15724992.09
COD,2012,211233.5857,145117118.8
COG,2012,14805.69168,9500448.323
COL,2012,69587.36731,44806301.6
COM,2012,8.361255701,4930.426455
CRI,2012,753.5882986,450738.5167
CUB,2012,244.4686869,93006.8838
CYM,2012,2.106215205,597.0802645
DMA,2012,39.93587528,23954.7382
DOM,2012,1568.693268,663559.2825
ECU,2012,16354.15929,11651281.74
ETH,2012,5076.612146,3090073.389
FJI,2012,72.54379411,40380.04275
GAB,2012,9507.890382,5948387.231
GHA,2012,2501.197652,1125830.352
GIN,2012,589.0955787,306971.7934
GLP,2012,11.83329246,6845.299492
GNB,2012,110.3008095,33387.20938
GNQ,2012,2291.984383,1475093.549
GTM,2012,27788.53299,14016270.6
GUF,2012,7425.933492,6130146.707
GUY,2012,8942.254584,6392892.276
HND,2012,10008.15485,5457639.736
HTI,2012,48.00735155,24021.74612
IDN,2012,855533.5338,801688677
IND,2012,18804.31468,10129233.91
JAM,2012,473.3218239,264436.9113
KEN,2012,1663.760331,944191.0841
KHM,2012,115204.8917,78871235.68
KNA,2012,4.193522442,2021.926644
LAO,2012,42485.89667,25087744.58
LBR,2012,11267.55691,5494679.322
LCA,2012,10.91216127,6725.220094
LKA,2012,1585.04407,618483.2138
MAF,2012,1.391408507,567.6180629
MDG,2012,32411.27423,17831362.81
MDV,2012,0.306165657,0
MEX,2012,28225.47935,12871911.78
MMR,2012,34050.95292,21967936.96
MOZ,2012,397.2643412,195550.7251
MSR,2012,0.663760641,380.4650648
MTQ,2012,21.89057934,12648.33515
MWI,2012,16.85935324,8083.766047
MYS,2012,244306.6949,208008408.1
NGA,2012,6061.602762,2345091.164
NIC,2012,7265.321564,4165339.114
NPL,2012,208.8496827,144437.3806
PAN,2012,3114.79922,1946808.18
PER,2012,177235.7822,120791448.5
PHL,2012,6889.407214,4871537.536
PLW,2012,7.629371475,6638.991321
PNG,2012,39700.83718,33762905.99
PRI,2012,34.00588228,20561.48524
PRY,2012,83806.48071,27881349.9
RWA,2012,6.610488851,3969.316428
SGP,2012,0.307643063,168.2943375
SLB,2012,5253.292696,4333067.379
SLE,2012,612.5404238,267212.8835
SLV,2012,40.73278786,23850.56588
SSD,2012,86.69981628,46663.97883
SUR,2012,13539.66042,11197227.86
TCA,2012,1.502632853,261.9191934
TGO,2012,1.375065862,380.5711933
THA,2012,8091.80387,4720769.291
TTO,2012,94.29658753,54960.68547
TWN,2012,237.6069299,114288.5319
TZA,2012,1364.827478,629707.2867
UGA,2012,4559.106343,2678216.937
UMI,2012,0.146189343,0
USA,2012,95.51215444,45862.98647
VCT,2012,3.222093461,1786.412022
VEN,2012,22124.94479,12472344.73
VGB,2012,0.365475029,166.0337886
VIR,2012,0.29247701,149.6391709
VNM,2012,68336.66573,49588636.43
VUT,2012,62.45156795,38535.90927
ZAF,2012,335.0591691,222492.4539
ZMB,2012,949.7750447,434941.9828
ZWE,2012,63.29589263,36573.01276
AGO,2013,9263.696788,5181193.815
ARG,2013,56675.33725,20753050.63
AUS,2013,2.420469116,838.3841893
BDI,2013,10.98885607,5777.488926
BEN,2013,1.910292641,505.7727695
BES,2013,0.220214427,0
BGD,2013,187.8994847,110644.9938
BHS,2013,3.123339366,617.9116107
BLZ,2013,8448.712492,4031114.188
BOL,2013,82289.53313,42603280.27
BRA,2013,632093.5068,410119023.6
BRN,2013,608.7070552,474659.3491
BTN,2013,191.2064948,121462.1482
CAF,2013,6481.374652,4173442.298
CHN,2013,5568.8001,3331740.645
CIV,2013,18852.99434,8373852.343
CMR,2013,42764.3348,27097620.19
COD,2013,351217.3665,242511760.6
COG,2013,24817.96594,16001899.12
COL,2013,57712.66858,37847604.41
COM,2013,63.89811705,36557.47539
CRI,2013,759.7707229,445718.615
CUB,2013,68.49838788,19878.87398
CYM,2013,5.452792258,1730.22098
DMA,2013,5.122241141,2994.704244
DOM,2013,262.9401411,107659.3523
ECU,2013,11590.29902,8779036.448
ETH,2013,6608.850663,3768426.373
FJI,2013,453.4076953,269996.3343
GAB,2013,25802.39779,16359824.51
GHA,2013,5111.737734,2242982.097
GIN,2013,1029.712592,492402.6383
GLP,2013,2.21850456,1223.121992
GNB,2013,476.4396851,146851.6282
GNQ,2013,4065.057015,2538062.825
GTM,2013,19870.47042,9968342.543
GUF,2013,1989.566043,1578913.816
GUY,2013,4511.583077,3153066.466
HND,2013,16969.72189,9484679.912
HTI,2013,14.30089492,7013.536209
IDN,2013,472991.3284,437971977.7
IND,2013,14398.72645,7625359.707
JAM,2013,130.0429276,68574.86206
KEN,2013,1622.943899,696069.0243
KHM,2013,123195.2049,87131372.25
KNA,2013,3.088158127,1600.918813
LAO,2013,41317.56495,24423903.52
LBR,2013,16258.39471,7792340.479
LCA,2013,2.092562996,1210.822356
LKA,2013,226.2195706,70318.52593
MAF,2013,0.366144255,118.8889815
MDG,2013,65200.12517,36177599.04
MDV,2013,0.993637958,0
MEX,2013,36627.84813,15630491.2
MMR,2013,31383.53831,20089265.4
MOZ,2013,946.0105274,478618.1701
MSR,2013,0.368828554,193.3226188
MTQ,2013,2.084250642,1098.788973
MWI,2013,18.33387104,10354.24959
MYS,2013,106041.0065,88602122.14
NGA,2013,6385.342593,2541919.529
NIC,2013,14016.02368,8120122.385
NPL,2013,50.6922434,31427.78802
PAN,2013,3721.210888,2222264.685
PER,2013,142870.341,100593055.7
PHL,2013,10835.45079,7472896.344
PLW,2013,6.336210633,4239.196232
PNG,2013,30630.46497,25861330.91
PRI,2013,20.39993394,11126.02297
PRY,2013,53486.6473,19071433.05
RWA,2013,15.29798293,8693.915646
SLB,2013,5596.85206,4580097.272
SLE,2013,2462.824995,1082707.832
SLV,2013,16.09696226,8743.771577
SSD,2013,144.1834163,79446.86666
SUR,2013,6627.702604,5356549.613
SXM,2013,0.512680767,172.8578773
TCA,2013,3.64707624,666.1013891
TGO,2013,4.201499515,1095.523544
THA,2013,3972.92609,2244773.203
TTO,2013,103.0735674,59874.80883
TWN,2013,152.5145173,39648.79742
TZA,2013,2629.032866,1225686.957
UGA,2013,3558.612378,1850623.917
USA,2013,86.36717586,35000.59919
VCT,2013,0.899020098,451.5237963
VEN,2013,15349.15909,8617633.845
VGB,2013,1.388642566,546.8886968
VIR,2013,0.365596499,162.5690714
VNM,2013,26714.95734,19190323.97
VUT,2013,230.9998557,136692.6723
ZAF,2013,540.6577637,330221.7178
ZMB,2013,1598.450905,731855.8092
ZWE,2013,100.1258443,57509.517
AGO,2014,10992.6404,5870216.922
ARG,2014,19289.9727,6450468.242
AUS,2014,20.36609654,9547.422854
BDI,2014,47.55898951,23731.98654
BEN,2014,4.27761644,1030.565883
BES,2014,0.14681028,0
BGD,2014,458.2224986,272925.3895
BHS,2014,1.989810029,344.6611418
BLZ,2014,9026.488177,4117640.378
BOL,2014,133268.1524,69674036.28
BRA,2014,940904.5887,607347437
BRN,2014,1380.353877,1076005.38
BTN,2014,462.7980359,290165.6639
CAF,2014,8934.954837,5379353.957
CHN,2014,5130.78807,2998321.103
CIV,2014,36119.23127,16374612.75
CMR,2014,89176.39687,56716794.33
COD,2014,439344.689,298196550.5
COG,2014,31142.63396,20089707.91
COL,2014,80035.54366,51949405.22
COM,2014,94.79806293,55972.81866
CRI,2014,957.8982793,555326.8
CUB,2014,59.12163833,19376.48319
CYM,2014,0.798072867,180.366891
DMA,2014,2.004247914,1182.8162
DOM,2014,740.2893696,290298.9686
ECU,2014,6329.585973,4631595.671
ETH,2014,5632.134583,3098367.733
FJI,2014,244.4410638,138022.9569
GAB,2014,29148.50926,18663465.29
GHA,2014,7455.761416,3244608.089
GIN,2014,754.2912504,365648.8754
GLP,2014,1.626805295,990.6799814
GNB,2014,447.9429853,136743.4899
GNQ,2014,10677.55796,6999092.321
GTM,2014,18236.8434,8898381.625
GUF,2014,2813.86594,2210983.285
GUY,2014,7789.670937,5481558.603
HND,2014,22265.38819,12543958.54
HTI,2014,10.89508292,4576.066457
IDN,2014,736797.8824,640431488.4
IND,2014,21941.68361,11557502.48
JAM,2014,276.9758506,142842.8185
KEN,2014,1210.221622,501181.7115
KHM,2014,89449.85794,60801464.85
KNA,2014,2.427820807,1268.175601
LAO,2014,46968.5011,27221205.2
LBR,2014,18962.85682,9032559.974
LCA,2014,2.615856843,1550.104869
LKA,2014,365.1255972,113032.2305
MAF,2014,0.659056506,291.07508
MDG,2014,78662.33876,43721713.4
MDV,2014,1.834109147,0
MEX,2014,23837.19304,10610445.42
MMR,2014,42156.77711,26540422.53
MOZ,2014,644.7769326,315626.0802
MSR,2014,0.147512451,83.97691775
MTQ,2014,0.893606623,416.4637263
MWI,2014,17.45655105,7307.873676
MYS,2014,230428.6053,185023468.8
NGA,2014,9928.196572,4086658.856
NIC,2014,23320.8685,13510663.82
NPL,2014,59.18781087,35949.11121
PAN,2014,2701.822337,1645837.145
PER,2014,133106.9253,92345595.1
PHL,2014,11483.65772,7948343.453
PLW,2014,22.45054959,15796.076
PNG,2014,58477.80836,48452680.57
PRI,2014,20.39459941,10460.12274
PRY,2014,38156.55873,13539297.29
RWA,2014,34.36440094,19988.30835
SEN,2014,0.225338888,74.72923133
SLB,2014,10326.98018,8379853.03
SLE,2014,1762.106932,759668.276
SLV,2014,25.45906566,14107.827
SSD,2014,85.88996388,41537.41425
SUR,2014,9659.089133,7956231.401
SXM,2014,0.146481294,71.28668986
TCA,2014,7.152052228,1186.005533
TGO,2014,25.74374367,6811.857191
THA,2014,4650.335319,2658889.327
TTO,2014,148.7659779,85963.78971
TWN,2014,93.11177081,47202.55259
TZA,2014,3419.561355,1646818.309
UGA,2014,3435.80211,1797722.001
USA,2014,162.562739,71401.36846
VCT,2014,1.498540927,708.5296327
VEN,2014,20608.51718,11515999.56
VGB,2014,0.073078708,35.11306566
VNM,2014,41830.49141,28259096.25
VUT,2014,118.8570208,71286.08475
ZAF,2014,516.4060509,375981.9286
ZMB,2014,2059.759998,936803.5719
ZWE,2014,37.58534796,22202.0292
AGO,2015,9000.137981,5011630.646
ARG,2015,10542.02274,3581904.299
BDI,2015,16.66605507,7427.182357
BEN,2015,0.229445077,72.09743658
BGD,2015,205.8670473,117734.6883
BHS,2015,2.411924098,439.8041185
BLZ,2015,6598.442389,2987905.468
BOL,2015,83298.64862,41611097.01
BRA,2015,828870.0208,542117361.4
BRN,2015,806.8424503,618184.7071
BTN,2015,278.9006673,158272.9198
CAF,2015,5064.36064,3239912.291
CHN,2015,3645.087954,2145914.183
CIV,2015,15592.06706,7143069.069
CMR,2015,40994.48993,26137487.18
COD,2015,322813.5472,223973344.1
COG,2015,18197.21311,11718056.62
COL,2015,49642.96811,32165712.74
COM,2015,47.9904815,28834.89331
CRI,2015,220.8921873,127802.5767
CUB,2015,155.363943,43668.11897
DOM,2015,1821.147199,771755.3665
ECU,2015,8471.904049,6444716.666
ETH,2015,1200.228356,662579.1435
FJI,2015,118.6642316,69003.49497
GAB,2015,15816.06078,10473022.27
GHA,2015,3620.561876,1649062.957
GIN,2015,1136.347657,549005.6875
GLP,2015,4.290166318,2456.518021
GNB,2015,407.7743695,133218.4723
GNQ,2015,4051.060342,2682119.653
GTM,2015,16722.34774,8197537.594
GUF,2015,1945.454568,1537700.355
GUY,2015,8462.819779,5891499.962
HND,2015,15366.43972,8522073.288
HTI,2015,20.33106024,9414.108765
IDN,2015,666641.549,534024361.3
IND,2015,20996.62556,11268360.05
JAM,2015,203.1573114,108436.0247
KEN,2015,3054.830168,1239468.122
KHM,2015,70631.6205,46242081.68
LAO,2015,58991.94495,35062919.78
LBR,2015,25850.261,12465087.17
LCA,2015,0.448401242,249.9978522
LKA,2015,360.9633047,128634.609
MDG,2015,57763.95362,31855282.98
MEX,2015,32682.14474,13928561.29
MMR,2015,41429.43905,25881197.3
MOZ,2015,559.9703498,291193.0707
MTQ,2015,0.223367477,92.10541918
MWI,2015,21.9025996,11875.74893
MYS,2015,154354.1098,121868229.7
NGA,2015,5318.401436,2116865.361
NIC,2015,12542.70302,7206258.162
NPL,2015,97.96705474,52207.80416
PAN,2015,2027.103054,1241118.086
PER,2015,104864.282,72165203.03
PHL,2015,6477.384177,4389207.18
PNG,2015,77940.70601,63188521.92
PRI,2015,21.41922365,11267.54493
PRY,2015,28271.43085,9273781.786
RWA,2015,9.37917762,5817.172147
SEN,2015,0.526198414,279.2554008
SGP,2015,0.076910725,40.02474702
SLB,2015,9286.530954,7826871.793
SLE,2015,3169.819363,1407448.266
SLV,2015,38.25645855,21989.19425
SSD,2015,65.36154615,33852.47799
SUR,2015,8079.705712,6589496.542
TCA,2015,4.721765464,885.0770411
THA,2015,2325.567689,1300682.132
TTO,2015,100.0817248,59257.62162
TWN,2015,25.04386351,14209.45769
TZA,2015,1519.164018,641524.6112
UGA,2015,3129.415388,1523743.173
USA,2015,265.618912,119194.0553
VEN,2015,15545.86848,8597812.298
VNM,2015,38581.70088,25801175.22
VUT,2015,699.0262428,382584.7709
ZAF,2015,533.0511576,371970.5617
ZMB,2015,2336.267754,1067710.178
ZWE,2015,62.44879088,32147.20446
AGO,2016,12048.26839,6690873.925
ARG,2016,15242.19803,5612889.794
AUS,2016,6.987668912,3216.248692
BDI,2016,27.96562424,13537.36082
BEN,2016,13.13379896,3361.720387
BGD,2016,345.3594726,208833.0434
BHS,2016,1458.849796,255172.1957
BLZ,2016,11476.66264,5620105.468
BOL,2016,246088.238,121631888.7
BRA,2016,2830977.445,1820993242
BRN,2016,1089.558196,877191.4306
BTN,2016,703.5222129,425731.6367
CAF,2016,20129.74565,13326951.99
CHN,2016,3709.072486,2139161.839
CIV,2016,16912.24235,7881025.254
CMR,2016,58602.18554,38064776.04
COD,2016,499559.8609,347839381.6
COG,2016,43658.9787,29324927.37
COL,2016,108566.0637,69001393.98
COM,2016,3.994234646,2384.807768
CRI,2016,1581.34372,913566.9784
CUB,2016,302.431453,88601.31833
CYM,2016,37.42373522,6842.012666
DMA,2016,2.227303658,1272.216543
DOM,2016,2866.951745,1255850.051
ECU,2016,13197.90896,10002292.1
ETH,2016,2873.703043,1609260.337
FJI,2016,3094.286983,1820821.307
GAB,2016,18885.74109,12569792.05
GHA,2016,13749.0219,5978076.27
GIN,2016,1542.574113,770381.6746
GLP,2016,0.147867304,38.04786871
GNB,2016,527.4283957,165726.9531
GNQ,2016,5045.792729,3295387.735
GTM,2016,63225.37698,31921907.08
GUF,2016,3921.567783,3133798.172
GUY,2016,16688.64302,11006857.11
HND,2016,46023.86129,24807008.53
HTI,2016,2031.165959,990201.1383
IDN,2016,928660.2919,662829468.3
IND,2016,30936.04739,17214921.53
JAM,2016,725.508105,387516.0663
KEN,2016,2052.221813,894281.364
KHM,2016,93615.54481,60176791.45
KNA,2016,2.649162812,1401.20388
LAO,2016,76478.70434,45530839.85
LBR,2016,19753.80579,9473532.074
LCA,2016,42.22536381,24855.11178
LKA,2016,425.053575,160349.5568
MDG,2016,74972.75342,41529629.86
MEX,2016,50145.29444,22573741.96
MMR,2016,54825.1247,34245671.32
MOZ,2016,923.5125694,487049.4494
MSR,2016,2.728653371,1436.099452
MTQ,2016,1.191128803,568.0454694
MWI,2016,22.87953905,11374.06817
MYS,2016,185215.0261,139896640
NGA,2016,12335.53814,4862947.829
NIC,2016,47409.98258,27668999.41
NPL,2016,183.9433705,99713.31693
PAN,2016,5904.712978,3588877.427
PER,2016,142719.6218,97688916
PHL,2016,13386.93481,8937051.831
PNG,2016,80232.2268,62526153.35
PRI,2016,26.60998973,14436.36683
PRY,2016,45863.17115,15234494.86
RWA,2016,22.9039034,14426.14178
SEN,2016,0.075111338,43.5790031
SGP,2016,0.307642048,213.3850941
SLB,2016,11672.12337,9645776.371
SLE,2016,2963.496966,1348564.632
SLV,2016,412.9735491,246763.4657
SSD,2016,86.36163617,44013.59054
SUR,2016,10456.524,8524660.613
SXM,2016,0.146482615,49.27178903
TCA,2016,4.220231683,723.2453011
TGO,2016,242.4749298,73088.12495
THA,2016,4805.668526,2709138.428
TTO,2016,153.1260346,89363.07396
TWN,2016,98.77713512,55597.54285
TZA,2016,2227.292375,945429.8168
UGA,2016,4314.349554,1933007.904
USA,2016,285.4659776,124140.5598
VCT,2016,5.920675778,3243.434272
VEN,2016,84705.20917,51078425.55
VGB,2016,1.388675367,686.6556472
VIR,2016,1.828106113,899.4697553
VNM,2016,68854.69784,46938641.24
VUT,2016,224.702294,124623.2561
ZAF,2016,594.9223335,362346.1955
ZMB,2016,2854.919062,1315527.275
ZWE,2016,50.40908092,29402.71006
AGO,2017,11179.88971,6137456.836
ARG,2017,17189.45997,6626702.868
AUS,2017,5.61652946,3087.294121
BDI,2017,13.98164638,6823.581353
BEN,2017,1.451625502,394.6541464
BGD,2017,414.4234286,246608.7661
BHS,2017,16.37858786,2085.258986
BLZ,2017,6591.132653,3004865.11
BOL,2017,270345.671,135545594.5
BRA,2017,2134649.254,1296022217
BRN,2017,518.1643568,421887.2141
BTN,2017,790.505254,489115.3018
CAF,2017,15442.8644,9702579.901
CHN,2017,2380.017305,1373406.837
CIV,2017,20418.08903,9454968.34
CMR,2017,89782.55362,55072805.27
COD,2017,471867.8354,328482879.5
COG,2017,26702.97126,17799978.11
COL,2017,161945.1141,102818550.2
COM,2017,17.8385607,10432.58047
CRI,2017,7695.281366,4119656.668
CUB,2017,28907.02087,12151814.88
CYM,2017,37.42764855,7955.418835
DMA,2017,14942.66381,8755595.53
DOM,2017,1574.769155,706721.225
ECU,2017,21085.45428,16082867.5
ETH,2017,7630.898869,4227172.571
FJI,2017,565.7276502,329990.4944
GAB,2017,22915.86406,14967724.91
GHA,2017,7689.428254,3382959.987
GIN,2017,1675.854047,847620.235
GLP,2017,3.106796075,1530.45678
GNB,2017,504.3360185,155301.6269
GNQ,2017,6468.080033,4343699.248
GTM,2017,22035.55693,11260793.98
GUF,2017,2739.336436,2213382.699
GUY,2017,13505.10381,9534056.965
HND,2017,37700.09343,20981397.74
HTI,2017,379.3903541,184629.8057
IDN,2017,373255.3246,291507945.8
IND,2017,29563.2694,16512242.8
JAM,2017,355.286159,193291.1667
KEN,2017,3133.962535,1501779.148
KHM,2017,53749.68674,34848667.62
LAO,2017,60710.98895,35578379.4
LBR,2017,24957.04217,12023355.09
LCA,2017,18.23518514,10842.10682
LKA,2017,627.3698402,258712.4899
MAF,2017,0.512608268,214.0223789
MDG,2017,109600.6126,60337313.18
MEX,2017,55701.53441,24244656.03
MMR,2017,39688.83219,24538195.55
MOZ,2017,3278.99858,1793096.123
MTQ,2017,5.062964021,2458.117233
MWI,2017,28.50538565,16237.11599
MYS,2017,162416.5763,123519213.7
NGA,2017,17389.4272,6916796.49
NIC,2017,150584.6412,85450879.15
NPL,2017,410.9599281,285081.9375
PAN,2017,5913.213898,3664045.541
PER,2017,181090.4315,119746848.5
PHL,2017,13698.3059,9300637.266
PNG,2017,63580.79861,52826687.58
PRI,2017,14999.81531,8650786.3
PRY,2017,70055.65114,26358814.58
RWA,2017,13.9120189,9285.900042
SEN,2017,0.22534268,109.9156046
SLB,2017,14326.94954,11854556.21
SLE,2017,4180.868974,1849663.946
SLV,2017,129.2437539,71385.91707
SSD,2017,234.9545204,129051.6869
SUR,2017,13717.52808,11441534.57
SXM,2017,0.732422419,286.7050887
TCA,2017,13.8770171,2567.978524
TGO,2017,9.701791423,3060.389138
THA,2017,3745.213932,2137519.354
TTO,2017,138.8390361,82403.44918
TWN,2017,150.5607773,88289.62537
TZA,2017,2204.338261,1021688.888
UGA,2017,4857.734353,2038677.056
USA,2017,26.25086378,11416.58588
VCT,2017,5.170857924,2923.739421
VEN,2017,43758.5465,24020482.14
VGB,2017,101.2764595,44388.01988
VIR,2017,51.55040522,25802.10825
VNM,2017,45011.7229,31734246.65
VUT,2017,187.7150249,118201.2307
ZAF,2017,2016.011562,883307.6592
ZMB,2017,3348.567931,1534428.006
ZWE,2017,275.4037567,162782.3036
ABW,2018,0.300630886,58.20997734
AGO,2018,13520.21089,7633970.864
ARG,2018,9493.50476,3460286.801
ATG,2018,3.888884299,934.753551
AUS,2018,0.379783395,188.0228602
BDI,2018,33.34515094,16237.16775
BEN,2018,0.229377378,70.24356403
BGD,2018,358.6781879,205653.1651
BHS,2018,14.09090115,1904.436835
BLZ,2018,4788.762501,2088190.367
BOL,2018,154488.5067,78440767.8
BRA,2018,1347132.984,894514536
BRN,2018,449.7864344,348750.1665
BTN,2018,406.2910796,257350.5115
CAF,2018,7741.613008,5026183.117
CHN,2018,1458.611342,833407.5218
CIV,2018,25668.73881,12246450.21
CMR,2018,57935.23763,37744923.95
COD,2018,481248.4773,334064029.9
COG,2018,26847.16606,17893758.44
COL,2018,176976.988,114613889.2
COM,2018,15.37452831,9530.866603
CRI,2018,1708.283733,1013632.664
CUB,2018,2551.89588,1236522.888
CYM,2018,24.87810694,4700.190668
DMA,2018,586.0259364,340368.1903
DOM,2018,293.7693897,126066.7036
ECU,2018,13220.47259,10026996.65
ETH,2018,3798.407641,2113512.137
FJI,2018,199.1469657,112521.246
GAB,2018,12250.92432,7986445.298
GHA,2018,12289.37838,5296931.454
GIN,2018,1138.126896,562885.4033
GLP,2018,8.803872706,4624.85965
GNB,2018,451.4709174,131511.8533
GNQ,2018,4036.201892,2652700.642
GTM,2018,18330.12106,9455583.001
GUF,2018,2616.749662,2137358.679
GUY,2018,7627.767158,5289942.898
HND,2018,32644.6535,18459683.92
HTI,2018,27.28893551,13595.84239
IDN,2018,339888.1981,265547669.6
IND,2018,19309.97629,10495326.55
JAM,2018,292.6522255,157654.8226
KEN,2018,2649.48825,1167762.189
KHM,2018,45537.92418,29191088.24
KNA,2018,0.956230571,414.7928242
LAO,2018,54580.97087,31789137.34
LBR,2018,27853.65102,13442523.27
LCA,2018,9.19254894,5702.065619
LKA,2018,437.3947115,197296.9439
MDG,2018,94773.59474,52962501.61
MEX,2018,45320.54762,20839810.35
MMR,2018,35912.73823,21881667.24
MOZ,2018,537.2416864,272844.8292
MSR,2018,3.467334301,1785.28096
MTQ,2018,2.159273416,1093.145573
MWI,2018,28.23847965,14687.64187
MYS,2018,144570.9697,110739958
NGA,2018,15182.77326,6105840.469
NIC,2018,32009.31388,19031176.22
NPL,2018,150.8420479,98014.81203
PAN,2018,6121.389666,3770836.446
PER,2018,140184.7,96240811.3
PHL,2018,9222.177125,6233154.575
PLW,2018,1.449790606,1075.706714
PNG,2018,77265.80279,64400137.54
PRI,2018,512.0602067,285757.1261
PRY,2018,25298.41395,8620971.813
RWA,2018,40.04688767,25741.6822
SEN,2018,0.150190841,32.71029211
SGP,2018,0.076911362,43.77353095
SLB,2018,13351.18339,11168987.01
SLE,2018,3400.908554,1507192.597
SLV,2018,79.85781082,45254.55481
SSD,2018,79.03006552,40721.18975
SUR,2018,15366.59416,12939211.26
TCA,2018,15.02092254,2542.131836
TGO,2018,2.215412106,620.4551088
THA,2018,1948.12197,1105751.38
TTO,2018,135.7261901,77917.08311
TWN,2018,83.12304557,41784.40315
TZA,2018,2263.264002,1016046.45
UGA,2018,4087.823821,1555870.457
USA,2018,88.22689844,40567.38981
VCT,2018,0.674335978,368.4779421
VEN,2018,30169.15143,16814089.4
VGB,2018,3.142858144,1286.818323
VIR,2018,17.03616142,7556.935548
VNM,2018,33385.8485,24626593.45
VUT,2018,238.9563389,168426.1983
ZAF,2018,777.5640652,477661.7744
ZMB,2018,2411.420891,1111280.612
ZWE,2018,27.40477649,15616.37819
AGO,2019,10005.44624,5637089.719
ARG,2019,8965.421703,3703076.013
AUS,2019,0.601736663,308.19236
BDI,2019,13.52170657,6334.130183
BEN,2019,2.828117056,825.1476526
BGD,2019,387.977858,229232.6558
BHS,2019,5.828129304,914.2213532
BLZ,2019,8744.477234,3796964.931
BOL,2019,290499.2784,140908889.7
BRA,2019,1361094.443,909275920.1
BRN,2019,447.7110179,337027.5529
BTN,2019,294.1218392,177391.2024
CAF,2019,11530.17791,7500316.658
CHN,2019,1362.955753,767724.4476
CIV,2019,11648.91272,5497237.531
CMR,2019,54422.19671,34716454.12
COD,2019,475245.7781,336504041.2
COG,2019,30647.66856,19917544.17
COL,2019,115089.8856,72197824.66
COM,2019,47.50996063,29776.43418
CRI,2019,1427.09379,823440.4748
CUB,2019,89.5012874,28962.40681
CYM,2019,1.308842344,552.3265317
DMA,2019,2.450196666,1440.184809
DOM,2019,510.1357977,215382.3059
ECU,2019,12231.48516,9305846.717
ETH,2019,7379.565706,4245201.987
FJI,2019,76.72889724,45988.06797
GAB,2019,13815.79352,9026790.97
GHA,2019,5822.220308,2551934.859
GIN,2019,1056.645638,531897.6962
GLP,2019,5.324552858,2947.564165
GNB,2019,372.2978678,128728.357
GNQ,2019,4276.543374,2848392.308
GTM,2019,30254.79356,15760636.06
GUF,2019,2270.861258,1861273.61
GUY,2019,12963.91788,8614073.859
HND,2019,32910.80906,18533195.02
HTI,2019,34.89830434,17848.39167
IDN,2019,323646.2979,252539773.2
IND,2019,17347.49352,9711799.075
JAM,2019,253.7081497,135268.2704
KEN,2019,2798.112952,1257601.651
KHM,2019,62886.07147,39904409.7
KNA,2019,1.544690951,740.3934905
LAO,2019,72037.90897,41852884.37
LBR,2019,23408.00564,11460538.73
LCA,2019,0.747293867,441.3192298
LKA,2019,412.0171403,169608.3767
MDG,2019,54215.57079,30120671.14
MEX,2019,65825.53557,30816543.41
MMR,2019,38309.78841,23500219.67
MOZ,2019,800.7858528,420887.2454
MSR,2019,2.507745089,1288.317438
MTQ,2019,1.489528548,781.6823451
MWI,2019,43.88139947,20092.79572
MYS,2019,120179.5583,94225477.06
NGA,2019,12095.16188,4846339.392
NIC,2019,33913.00407,20156040.25
NPL,2019,192.3617903,125055.3507
PAN,2019,6233.779791,3832648.056
PER,2019,161590.1262,111988577.2
PHL,2019,7585.917597,5167099.725
PLW,2019,3.81508545,3220.911029
PNG,2019,57963.14716,48847588.47
PRI,2019,27.26894159,14385.7165
PRY,2019,50817.50285,20070825.42
RWA,2019,13.83436647,9281.003736
SEN,2019,1.051489272,387.6656003
SGP,2019,15.07421736,11503.46426
SLB,2019,12323.50569,10232123.94
SLE,2019,3542.991734,1638818.096
SLV,2019,62.95088778,36280.9643
SSD,2019,335.5125808,180765.2151
SUR,2019,14013.43573,11485056.02
TCA,2019,3.506012882,632.2076864
TGO,2019,0.229166502,68.97519666
THA,2019,2621.02344,1447916.802
TTO,2019,126.3224154,68109.54667
TWN,2019,57.73656048,30018.51349
TZA,2019,2668.253486,1309537.482
UGA,2019,3334.774294,1461853.546
USA,2019,73.90977906,34759.74951
VCT,2019,0.299774824,172.2080585
VEN,2019,58827.27396,31864316.63
VGB,2019,0.657748605,250.0231917
VIR,2019,0.584905901,211.5633842
VNM,2019,30893.95322,23030316.28
VUT,2019,51.81014507,32011.90554
ZAF,2019,937.5824876,614060.2214
ZMB,2019,2545.443822,1195370.286
ZWE,2019,50.30234706,28960.8617
AGO,2020,8918.346009,4912157.864
ARG,2020,20834.04656,8241539.042
AUS,2020,0.531726404,293.3979663
BDI,2020,26.96953973,14399.58656
BEN,2020,1.68020641,439.6985664
BES,2020,7.199154657,2974.415336
BGD,2020,459.7643155,267785.1561
BHS,2020,4.543708621,670.2961033
BLZ,2020,15950.90677,7983471.356
BOL,2020,276883.4386,128608090.3
BRA,2020,1704091.54,1065073860
BRN,2020,543.6427671,402808.2552
BTN,2020,472.9213702,294757.1
CAF,2020,14741.72511,9604520.933
CHN,2020,1138.711733,595088.3029
CIV,2020,12958.9104,6204124.305
CMR,2020,100294.6772,68419345.9
COD,2020,490612.9512,348187943.4
COG,2020,26295.69526,16957305.15
COL,2020,166485.35,107858458.7
COM,2020,35.86204584,20296.99524
CRI,2020,1279.069956,774111.6988
CUB,2020,305.6866145,101055.9148
CYM,2020,0.436113809,210.9025947
DMA,2020,9.725634407,5650.726006
DOM,2020,1850.218743,795422.644
ECU,2020,19747.36335,15447379.82
ETH,2020,4603.322657,2550192.278
FJI,2020,166.6858574,99888.97907
GAB,2020,10628.721,6804268.482
GHA,2020,14272.16155,6394635.081
GIN,2020,1299.291141,657740.3557
GLP,2020,2.58875289,1479.762432
GNB,2020,507.011751,175101.6614
GNQ,2020,1977.36329,1339732.138
GTM,2020,39451.38186,19758808.96
GUF,2020,3135.62636,2565628.163
GUY,2020,10763.19253,7395666.143
HND,2020,41688.04408,23350033.72
HTI,2020,16.47981032,8281.046834
IDN,2020,270056.6284,207527339.1
IND,2020,20809.32173,11407623.55
JAM,2020,244.4567757,132007.7985
KEN,2020,3545.294735,1473376.165
KHM,2020,62294.60497,39471593.11
KNA,2020,4.046841415,1478.403507
LAO,2020,82239.45662,47615242.83
LBR,2020,31821.55024,15573699.63
LCA,2020,3.139054736,1775.439505
LKA,2020,282.8118662,105366.9886
MAF,2020,1.171710044,515.5207957
MDG,2020,57708.44874,32332189.84
MEX,2020,68423.12576,28127253.36
MMR,2020,44445.07444,27257432.22
MOZ,2020,307.3359434,150145.9159
MSR,2020,0.737451281,320.2485752
MTQ,2020,3.799124654,1966.646095
MWI,2020,146.3386802,63752.44826
MYS,2020,72976.7254,57629153.91
NGA,2020,14586.94907,6106742.838
NIC,2020,52625.89281,29253525.96
NPL,2020,170.4475442,99862.50014
PAN,2020,6592.876237,4009915.807
PER,2020,190199.4741,131489724.7
PHL,2020,7750.901133,5251449.179
PLW,2020,3.815274037,2992.286489
PNG,2020,44864.90989,37353793.31
PRI,2020,27.48971536,15450.84336
PRY,2020,58572.46316,25651321.9
RWA,2020,113.4398045,64499.67133
SEN,2020,0.674929472,251.8935412
SGP,2020,19.07362054,16154.08407
SLB,2020,10457.58502,8785386.178
SLE,2020,2956.891029,1359918.486
SLV,2020,89.96760835,51524.03517
SSD,2020,86.16308394,48653.51777
SUR,2020,11076.47191,9205234.926
TCA,2020,10.01560559,1864.281529
TGO,2020,1.069581622,324.4813474
THA,2020,3573.453703,1901369.024
TTO,2020,145.2015635,78931.3513
TWN,2020,48.62641665,22163.90043
TZA,2020,3466.098368,1670596.218
UGA,2020,3585.096071,1730170.96
USA,2020,39.83882289,17118.11301
VEN,2020,53701.67332,29899709.04
VIR,2020,0.146222963,41.85348229
VNM,2020,32619.89272,23961398.42
VUT,2020,1674.549459,1014267.314
ZAF,2020,879.9271358,543470.8225
ZMB,2020,2143.134178,1009848.188
ZWE,2020,37.88539104,21886.95035
